CREATE DATABASE  IF NOT EXISTS `blog_artikel` /*!40100 DEFAULT CHARACTER SET utf8mb4 COLLATE utf8mb4_0900_ai_ci */ /*!80016 DEFAULT ENCRYPTION='N' */;
USE `blog_artikel`;
-- MySQL dump 10.13  Distrib 8.0.36, for Win64 (x86_64)
--
-- Host: localhost    Database: blog_artikel
-- ------------------------------------------------------
-- Server version	8.0.36

/*!40101 SET @OLD_CHARACTER_SET_CLIENT=@@CHARACTER_SET_CLIENT */;
/*!40101 SET @OLD_CHARACTER_SET_RESULTS=@@CHARACTER_SET_RESULTS */;
/*!40101 SET @OLD_COLLATION_CONNECTION=@@COLLATION_CONNECTION */;
/*!50503 SET NAMES utf8 */;
/*!40103 SET @OLD_TIME_ZONE=@@TIME_ZONE */;
/*!40103 SET TIME_ZONE='+00:00' */;
/*!40014 SET @OLD_UNIQUE_CHECKS=@@UNIQUE_CHECKS, UNIQUE_CHECKS=0 */;
/*!40014 SET @OLD_FOREIGN_KEY_CHECKS=@@FOREIGN_KEY_CHECKS, FOREIGN_KEY_CHECKS=0 */;
/*!40101 SET @OLD_SQL_MODE=@@SQL_MODE, SQL_MODE='NO_AUTO_VALUE_ON_ZERO' */;
/*!40111 SET @OLD_SQL_NOTES=@@SQL_NOTES, SQL_NOTES=0 */;

--
-- Table structure for table `categories`
--

DROP TABLE IF EXISTS `categories`;
/*!40101 SET @saved_cs_client     = @@character_set_client */;
/*!50503 SET character_set_client = utf8mb4 */;
CREATE TABLE `categories` (
  `id` bigint unsigned NOT NULL AUTO_INCREMENT,
  `title` varchar(255) COLLATE utf8mb4_unicode_ci NOT NULL,
  `slug` varchar(255) COLLATE utf8mb4_unicode_ci NOT NULL,
  `created_at` timestamp NULL DEFAULT NULL,
  `updated_at` timestamp NULL DEFAULT NULL,
  PRIMARY KEY (`id`)
) ENGINE=InnoDB AUTO_INCREMENT=6 DEFAULT CHARSET=utf8mb4 COLLATE=utf8mb4_unicode_ci;
/*!40101 SET character_set_client = @saved_cs_client */;

--
-- Dumping data for table `categories`
--

LOCK TABLES `categories` WRITE;
/*!40000 ALTER TABLE `categories` DISABLE KEYS */;
INSERT INTO `categories` VALUES (1,'Web programming','web-programming','2024-02-13 03:01:22','2024-02-13 03:01:22'),(2,'Web design','web-design','2024-02-13 03:01:22','2024-02-13 03:01:22'),(3,'Web personal','web-personal','2024-02-13 03:01:22','2024-02-13 03:01:22'),(4,'Web frontend','web-frontend','2024-02-13 03:01:22','2024-02-13 03:01:22'),(5,'Web backend','web-backend','2024-02-13 03:01:22','2024-02-13 03:01:22');
/*!40000 ALTER TABLE `categories` ENABLE KEYS */;
UNLOCK TABLES;

--
-- Table structure for table `failed_jobs`
--

DROP TABLE IF EXISTS `failed_jobs`;
/*!40101 SET @saved_cs_client     = @@character_set_client */;
/*!50503 SET character_set_client = utf8mb4 */;
CREATE TABLE `failed_jobs` (
  `id` bigint unsigned NOT NULL AUTO_INCREMENT,
  `uuid` varchar(255) COLLATE utf8mb4_unicode_ci NOT NULL,
  `connection` text COLLATE utf8mb4_unicode_ci NOT NULL,
  `queue` text COLLATE utf8mb4_unicode_ci NOT NULL,
  `payload` longtext COLLATE utf8mb4_unicode_ci NOT NULL,
  `exception` longtext COLLATE utf8mb4_unicode_ci NOT NULL,
  `failed_at` timestamp NOT NULL DEFAULT CURRENT_TIMESTAMP,
  PRIMARY KEY (`id`),
  UNIQUE KEY `failed_jobs_uuid_unique` (`uuid`)
) ENGINE=InnoDB DEFAULT CHARSET=utf8mb4 COLLATE=utf8mb4_unicode_ci;
/*!40101 SET character_set_client = @saved_cs_client */;

--
-- Dumping data for table `failed_jobs`
--

LOCK TABLES `failed_jobs` WRITE;
/*!40000 ALTER TABLE `failed_jobs` DISABLE KEYS */;
/*!40000 ALTER TABLE `failed_jobs` ENABLE KEYS */;
UNLOCK TABLES;

--
-- Table structure for table `migrations`
--

DROP TABLE IF EXISTS `migrations`;
/*!40101 SET @saved_cs_client     = @@character_set_client */;
/*!50503 SET character_set_client = utf8mb4 */;
CREATE TABLE `migrations` (
  `id` int unsigned NOT NULL AUTO_INCREMENT,
  `migration` varchar(255) COLLATE utf8mb4_unicode_ci NOT NULL,
  `batch` int NOT NULL,
  PRIMARY KEY (`id`)
) ENGINE=InnoDB AUTO_INCREMENT=8 DEFAULT CHARSET=utf8mb4 COLLATE=utf8mb4_unicode_ci;
/*!40101 SET character_set_client = @saved_cs_client */;

--
-- Dumping data for table `migrations`
--

LOCK TABLES `migrations` WRITE;
/*!40000 ALTER TABLE `migrations` DISABLE KEYS */;
INSERT INTO `migrations` VALUES (1,'2014_10_12_000000_create_users_table',1),(2,'2014_10_12_100000_create_password_reset_tokens_table',1),(3,'2019_08_19_000000_create_failed_jobs_table',1),(4,'2019_12_14_000001_create_personal_access_tokens_table',1),(5,'2024_01_16_100739_create_posts_table',1),(6,'2024_01_16_101247_create_categories_table',1),(7,'2024_02_08_035027_add_is_admin_to_users_table',1);
/*!40000 ALTER TABLE `migrations` ENABLE KEYS */;
UNLOCK TABLES;

--
-- Table structure for table `password_reset_tokens`
--

DROP TABLE IF EXISTS `password_reset_tokens`;
/*!40101 SET @saved_cs_client     = @@character_set_client */;
/*!50503 SET character_set_client = utf8mb4 */;
CREATE TABLE `password_reset_tokens` (
  `email` varchar(255) COLLATE utf8mb4_unicode_ci NOT NULL,
  `token` varchar(255) COLLATE utf8mb4_unicode_ci NOT NULL,
  `created_at` timestamp NULL DEFAULT NULL,
  PRIMARY KEY (`email`)
) ENGINE=InnoDB DEFAULT CHARSET=utf8mb4 COLLATE=utf8mb4_unicode_ci;
/*!40101 SET character_set_client = @saved_cs_client */;

--
-- Dumping data for table `password_reset_tokens`
--

LOCK TABLES `password_reset_tokens` WRITE;
/*!40000 ALTER TABLE `password_reset_tokens` DISABLE KEYS */;
/*!40000 ALTER TABLE `password_reset_tokens` ENABLE KEYS */;
UNLOCK TABLES;

--
-- Table structure for table `personal_access_tokens`
--

DROP TABLE IF EXISTS `personal_access_tokens`;
/*!40101 SET @saved_cs_client     = @@character_set_client */;
/*!50503 SET character_set_client = utf8mb4 */;
CREATE TABLE `personal_access_tokens` (
  `id` bigint unsigned NOT NULL AUTO_INCREMENT,
  `tokenable_type` varchar(255) COLLATE utf8mb4_unicode_ci NOT NULL,
  `tokenable_id` bigint unsigned NOT NULL,
  `name` varchar(255) COLLATE utf8mb4_unicode_ci NOT NULL,
  `token` varchar(64) COLLATE utf8mb4_unicode_ci NOT NULL,
  `abilities` text COLLATE utf8mb4_unicode_ci,
  `last_used_at` timestamp NULL DEFAULT NULL,
  `expires_at` timestamp NULL DEFAULT NULL,
  `created_at` timestamp NULL DEFAULT NULL,
  `updated_at` timestamp NULL DEFAULT NULL,
  PRIMARY KEY (`id`),
  UNIQUE KEY `personal_access_tokens_token_unique` (`token`),
  KEY `personal_access_tokens_tokenable_type_tokenable_id_index` (`tokenable_type`,`tokenable_id`)
) ENGINE=InnoDB DEFAULT CHARSET=utf8mb4 COLLATE=utf8mb4_unicode_ci;
/*!40101 SET character_set_client = @saved_cs_client */;

--
-- Dumping data for table `personal_access_tokens`
--

LOCK TABLES `personal_access_tokens` WRITE;
/*!40000 ALTER TABLE `personal_access_tokens` DISABLE KEYS */;
/*!40000 ALTER TABLE `personal_access_tokens` ENABLE KEYS */;
UNLOCK TABLES;

--
-- Table structure for table `posts`
--

DROP TABLE IF EXISTS `posts`;
/*!40101 SET @saved_cs_client     = @@character_set_client */;
/*!50503 SET character_set_client = utf8mb4 */;
CREATE TABLE `posts` (
  `id` bigint unsigned NOT NULL AUTO_INCREMENT,
  `category_id` bigint unsigned NOT NULL,
  `user_id` bigint unsigned NOT NULL,
  `title` varchar(255) COLLATE utf8mb4_unicode_ci NOT NULL,
  `slug` varchar(255) COLLATE utf8mb4_unicode_ci NOT NULL,
  `image` varchar(255) COLLATE utf8mb4_unicode_ci DEFAULT NULL,
  `excerpt` text COLLATE utf8mb4_unicode_ci NOT NULL,
  `body` text COLLATE utf8mb4_unicode_ci NOT NULL,
  `published_at` timestamp NULL DEFAULT NULL,
  `created_at` timestamp NULL DEFAULT NULL,
  `updated_at` timestamp NULL DEFAULT NULL,
  PRIMARY KEY (`id`),
  UNIQUE KEY `posts_slug_unique` (`slug`)
) ENGINE=InnoDB AUTO_INCREMENT=51 DEFAULT CHARSET=utf8mb4 COLLATE=utf8mb4_unicode_ci;
/*!40101 SET character_set_client = @saved_cs_client */;

--
-- Dumping data for table `posts`
--

LOCK TABLES `posts` WRITE;
/*!40000 ALTER TABLE `posts` DISABLE KEYS */;
INSERT INTO `posts` VALUES (1,2,4,'Et nam ipsam.','adipisci-eos-est-eligendi-iste-ex-nobis-dolores-similique',NULL,'Odio unde eos quia excepturi rerum voluptates non. Quae sint accusamus libero occaecati veniam.','<p>Optio et aut ad et et nihil sit. Facilis et ab commodi soluta ipsum quibusdam cupiditate. Nobis omnis excepturi repudiandae necessitatibus voluptas voluptas. Aut laudantium necessitatibus dolore perferendis repudiandae. Earum ut qui aliquam sunt beatae nam fugiat. Aliquam tempore quos magni voluptate ratione itaque. Sint nulla rerum modi minima. Qui sed omnis beatae labore magnam eos unde impedit. Consequatur hic dolorum debitis facilis quos at. Harum quae ipsam maiores sit iusto. Dolores eos minima repellendus non. Qui nihil dignissimos laborum autem dolorum itaque porro. Architecto ut ut velit vitae voluptas aut repudiandae. Vitae voluptates repellendus blanditiis porro at perferendis molestias. Quos ipsa est autem dolorum ea.</p>',NULL,'2024-02-13 03:01:17','2024-02-13 03:01:17'),(2,2,3,'Ea perferendis veritatis et.','quae-necessitatibus-non-voluptatem-atque-doloremque',NULL,'Necessitatibus voluptas aliquid voluptate et. Rerum harum aut ut consequatur neque maxime labore.','<p>Ratione sint odio facilis aliquid illo. Voluptates magni voluptatem dolor totam eos labore. Veniam saepe maiores sed enim illum incidunt. Aut possimus et facilis reiciendis et itaque. Omnis voluptas eius omnis enim et. Distinctio voluptas deserunt eveniet aliquam. Delectus qui quia minima odit odit quia dolor. Assumenda sit voluptas sit voluptatem hic accusantium. Sit repellat perspiciatis ab et enim. Quia corporis porro eius. Minus qui ducimus blanditiis laboriosam. Repellendus architecto sint et eligendi. Beatae enim sit repudiandae dolore earum. Ea asperiores aut iste et ut eos voluptatibus delectus. Excepturi et laborum tenetur ut nulla ut voluptatum. Et nihil inventore aut quia. Qui eos ut dolore et suscipit. Fugiat est id amet ipsam blanditiis commodi consequatur explicabo. Dolor dignissimos hic est ut. Vero eos nam vero animi aut consequatur dicta ratione. Et consequatur et voluptatem saepe libero animi omnis aliquid.</p>',NULL,'2024-02-13 03:01:17','2024-02-13 03:01:17'),(3,2,1,'Voluptas quia quasi saepe aut.','porro-eum-et-delectus-optio-nesciunt-laudantium-quia-magni',NULL,'Doloremque nihil vel occaecati temporibus id. Suscipit laudantium et voluptates neque accusamus ipsa. Vel sint incidunt nemo magni. Et magnam veniam qui reprehenderit eos.','<p>Nostrum id architecto accusantium similique. Autem harum odit aut ut vel in nam iure. Ipsum placeat et doloribus facere provident ducimus. Nam nemo nesciunt nesciunt exercitationem quisquam libero libero. Ex laborum cumque amet dolorem ipsam ipsum enim. Velit aut qui totam autem. Et non id voluptatibus rem neque ducimus. Beatae rerum minima iusto non a. Quas est quis labore ut aut omnis ullam.</p>',NULL,'2024-02-13 03:01:17','2024-02-13 03:01:17'),(4,2,2,'Itaque natus aut.','beatae-possimus-sunt-natus-blanditiis',NULL,'Illo voluptas ea optio eos asperiores. Inventore quis ratione est officiis nihil aut vitae. Et sint reiciendis veritatis consequatur.','<p>Est illo quam quia eos quia aspernatur quia et. Sed ad ab temporibus facilis mollitia voluptatem aut. Qui placeat distinctio adipisci sint reiciendis dolore libero. Consequatur quo deserunt omnis eos voluptatem deleniti quam. Enim sunt soluta fugiat esse inventore. Nisi dolores similique aliquam sit dicta ad non. Harum reprehenderit nihil nisi repudiandae. Corrupti nesciunt nisi aperiam ut quia exercitationem delectus. Voluptates aut itaque vel sunt enim dolores. Vel eos iusto autem necessitatibus ut ut.</p>',NULL,'2024-02-13 03:01:17','2024-02-13 03:01:17'),(5,1,3,'Omnis illo rerum expedita voluptatem dolor.','facere-sed-sunt-quo-ad',NULL,'Quia qui debitis quis distinctio ea. Dolor voluptas dolorem non blanditiis. Est quis soluta eaque quidem laborum ex accusantium. Officia hic laboriosam inventore sunt qui dolorem.','<p>Quasi quod maiores illo totam temporibus. Dolorum et cupiditate quae nam itaque quo quasi. Modi fugiat delectus debitis unde. Unde nam numquam aperiam.</p>',NULL,'2024-02-13 03:01:18','2024-02-13 03:01:18'),(6,4,4,'Doloribus mollitia dignissimos.','aut-nostrum-sint-est-ea-pariatur-cupiditate',NULL,'Laborum facilis saepe odit nisi autem et id. Quo nihil aut veniam voluptatem alias at dolore. Omnis debitis magnam quibusdam nihil repellat consectetur eveniet.','<p>Ratione consectetur explicabo itaque. Sequi beatae magnam et est. Quos et placeat occaecati repellat provident. Et commodi vero necessitatibus qui consequatur. Ipsa qui expedita officia omnis deleniti nemo. Impedit aut consequatur ullam officia voluptatem. Itaque impedit praesentium ipsam quibusdam. Quisquam animi fuga architecto officia facere commodi dolores. Dolore ut adipisci distinctio et consequatur veritatis occaecati. Sit ab quam dignissimos est ducimus voluptatem facilis. Corporis deserunt et consequatur sit enim. Qui minus deleniti repudiandae consectetur quaerat dolor praesentium. Provident voluptas quasi ipsum eos. Corporis nostrum harum qui et. Deleniti omnis voluptatem amet aut aliquid. Asperiores optio qui sit maxime molestiae dolorem perferendis. Aut numquam et et assumenda tempora totam nulla.</p>',NULL,'2024-02-13 03:01:18','2024-02-13 03:01:18'),(7,1,2,'Eveniet aspernatur enim maxime.','eos-illum-veritatis-voluptatibus-molestiae-dolorem-qui-laudantium',NULL,'Ipsam occaecati molestiae et qui. Repellat et voluptatibus quos error illo quaerat ea.','<p>Rem et libero esse blanditiis possimus qui. Voluptatem libero aperiam minima aspernatur perspiciatis. Provident odit animi totam veritatis illo voluptas minus. Dolores distinctio labore vel consectetur laborum. Corporis ipsam quae non ipsum labore. Consectetur nihil deleniti libero autem non quia nostrum. Vero nobis consequatur mollitia blanditiis inventore et. Consequuntur voluptas ea harum. Molestiae assumenda ut ut optio enim. Et perspiciatis voluptas incidunt quia quasi doloribus est nobis. Voluptas et sit quo laborum mollitia saepe. Est quaerat eaque libero reprehenderit ut. Deleniti reiciendis dicta doloremque repellat aut. Consectetur tempore rerum occaecati laboriosam fugiat harum. Qui recusandae rerum sit voluptates. Et optio est enim. Nemo ea delectus odit. Nesciunt deserunt necessitatibus facere alias explicabo.</p>',NULL,'2024-02-13 03:01:18','2024-02-13 03:01:18'),(8,1,3,'Eveniet et hic excepturi et.','sint-explicabo-quia-veniam-dolores-tenetur-quod',NULL,'Nostrum eos quaerat voluptatem voluptatibus. Autem ea impedit et aliquam. Repellendus sed nemo ut dolor in. Ipsa aliquam voluptas et aliquam.','<p>Et dolores sint voluptatem laborum. Non aspernatur reiciendis corporis laboriosam doloremque quibusdam et. Molestias quis natus dolore aliquid voluptas nihil id dolor. Cum esse et voluptatibus sed. Non distinctio nisi voluptates. Culpa minus est ut. Maxime maiores et maxime soluta. Recusandae adipisci dolorem corrupti aliquam. Ea consectetur neque pariatur commodi. Aut optio autem eaque soluta molestiae qui. Cumque eum alias quod animi voluptas. Sed voluptatem vel tempora dolor a sunt est. In a quas a in et itaque inventore. Inventore accusamus debitis suscipit sapiente pariatur consectetur repudiandae exercitationem.</p>',NULL,'2024-02-13 03:01:18','2024-02-13 03:01:18'),(9,2,4,'Ut voluptates sit est repellat repellendus accusantium tenetur.','consequatur-quia-voluptatem-inventore-rem-atque',NULL,'Sit ut perspiciatis sit ut molestias repudiandae sed. Quasi voluptas quidem quam tempora excepturi aliquid repellendus ex. Error ullam vitae ut harum nulla. Consequatur et sint iure inventore officia consectetur.','<p>Sequi vel numquam dignissimos id aliquid. Enim amet laborum doloremque quod explicabo unde. Qui est modi blanditiis ipsam. Laudantium deserunt voluptatem a omnis impedit accusamus nostrum. Maxime dolor vel cum recusandae soluta. Vitae iure qui vel et et laboriosam ut consequuntur. Odio iste ut officia. Est consequuntur sed vel. Quis in pariatur autem. Dolorem sapiente excepturi molestiae fugiat dicta maxime.</p>',NULL,'2024-02-13 03:01:18','2024-02-13 03:01:18'),(10,5,4,'Quod illum corporis fugit in id architecto.','qui-numquam-sit-sit-velit-sint-ipsum',NULL,'Ut aperiam sed non quam. Id odio eos dicta tempora quia ut vel.','<p>Nam quam accusantium in velit. Ipsam ducimus omnis ad qui. Aliquam officia et cum ad autem deleniti. Et quasi molestias quia. Nesciunt voluptatibus ipsum impedit odit nisi dolores.</p>',NULL,'2024-02-13 03:01:18','2024-02-13 03:01:18'),(11,5,3,'Quia est tempore.','qui-veniam-et-laborum-recusandae-veritatis-et-ut',NULL,'Quos praesentium cumque consequatur ab sit officia ab ipsa. Id similique blanditiis repellendus atque aliquam suscipit neque. Autem laudantium velit sapiente qui.','<p>Eveniet ratione nam itaque velit. Earum qui omnis doloremque accusamus. Nisi dignissimos recusandae temporibus consectetur dolorem. Deleniti ipsum quia omnis magni. Hic et aliquam ea. Dolores quas tempora incidunt perferendis sed. Odit quasi esse aut magni sed nemo porro. Ipsum in nihil beatae veritatis qui quo itaque. Quaerat provident ducimus recusandae voluptatibus molestias placeat enim. Totam nihil quae molestias molestias nulla et. Excepturi architecto rerum dolores et qui quas ipsum. Accusamus aut aliquam aliquid vel assumenda omnis enim consequatur. Aspernatur et nihil voluptatem in est. Fugiat quisquam eligendi deleniti maxime eius. Consequuntur molestias aliquid at eum asperiores. Quia velit placeat nulla deleniti a non. Rerum omnis et suscipit commodi ratione. Architecto est qui deleniti ut fugit dolor sit earum. Ad a et error non accusamus reiciendis. In quibusdam ea enim. Ut sed sunt ut alias occaecati asperiores minima. Blanditiis architecto id cum temporibus cupiditate laboriosam voluptatibus. Dolore sed adipisci tempora tempore possimus aut. Fuga consequatur et magnam magni assumenda et fugit. Velit eum et error officia eveniet molestias. Id id corporis nobis. Officiis sed reiciendis nemo sed aspernatur corporis. Eaque quo et quo error voluptas quas. Et ab est odio quae.</p>',NULL,'2024-02-13 03:01:18','2024-02-13 03:01:18'),(12,1,1,'Dolor earum repellendus quod.','modi-nihil-qui-officia-accusantium-nulla',NULL,'Ut suscipit laudantium earum qui. Commodi eaque et autem facere asperiores. Voluptas quis consectetur labore nulla qui.','<p>Voluptates incidunt vero nihil cupiditate beatae soluta. Recusandae et aut possimus. Quia error amet iste. Architecto quod quia quo est officiis. Id error recusandae qui omnis numquam eos perspiciatis aliquam. Consequatur vel repellendus excepturi eum sit.</p>',NULL,'2024-02-13 03:01:18','2024-02-13 03:01:18'),(13,5,2,'Qui culpa rem cupiditate et optio corrupti doloribus.','commodi-placeat-ipsam-hic-ab-aliquam-unde-qui-dolor',NULL,'Qui quo beatae rerum omnis quas nihil odio molestias. Nam sunt commodi perferendis quam sunt perferendis officia dolor. Nesciunt nemo et delectus molestiae quo.','<p>Eligendi ea hic omnis qui. Est laboriosam voluptatem odit velit ea occaecati numquam. Atque est corrupti illo. Quod sit sapiente non consequatur. Et perferendis quia cumque quaerat est ut omnis. Voluptas doloribus provident in neque qui quia ut consequatur. Tenetur nam libero mollitia quo in dolore. Maiores non earum necessitatibus vitae illum deserunt rem beatae. Sapiente qui sapiente voluptas quae et aliquam. Odio a deleniti quam maiores.</p>',NULL,'2024-02-13 03:01:18','2024-02-13 03:01:18'),(14,4,4,'Repellat non qui repellat.','repudiandae-et-et-ullam-aliquam-nisi-possimus',NULL,'Ad rerum quis saepe accusantium temporibus quasi. Sunt vel tempore tempore minima molestiae. Error reprehenderit ad molestias eos ut nemo.','<p>In reiciendis veritatis nemo consectetur eum sapiente dolores. Consequatur officia voluptatem officiis sunt debitis et aperiam sit. Architecto fuga aperiam culpa quos perspiciatis modi deserunt labore. Accusamus architecto voluptatem alias est nulla. Facilis ipsum consequuntur error fugit dolores quia. Et nisi voluptate hic et. Vero numquam aut saepe odit maxime sed velit. Quia vitae nulla ut dolorum. Veniam unde enim maiores voluptatem explicabo perspiciatis qui.</p>',NULL,'2024-02-13 03:01:18','2024-02-13 03:01:18'),(15,4,4,'Eligendi placeat deserunt at.','ratione-sequi-aut-non',NULL,'Molestiae aliquid dolorem voluptatum corrupti. Quasi inventore qui sequi laudantium ex ut quisquam. Rerum repellendus eos qui.','<p>Ipsam dolorum quis nisi error perspiciatis dolores eum. Quis eveniet aut quidem culpa quidem veniam sit nobis. Praesentium fugit voluptates amet quae distinctio minima. Dolorum doloremque velit et sunt harum. Ducimus magni voluptas dolorum beatae dolorem. Quidem vero aut vel dolor ipsam. Velit molestiae est repudiandae tempore rerum culpa. Aut doloremque ipsum molestiae. Debitis commodi sunt exercitationem in dolorem.</p>',NULL,'2024-02-13 03:01:18','2024-02-13 03:01:18'),(16,2,2,'Laborum qui doloremque ut hic.','porro-qui-quos-et-possimus-repellat',NULL,'Ea laudantium ab praesentium sapiente perspiciatis iste. Ut corporis mollitia qui eligendi veritatis.','<p>Ipsa a optio quibusdam debitis ut consequuntur. Similique perferendis autem omnis et incidunt ut. Praesentium ut repellat molestias et. Qui commodi consequatur porro reiciendis. Neque incidunt id distinctio sequi ut et. Eum debitis non assumenda quibusdam ullam. At dignissimos at vitae mollitia officia. Autem tenetur voluptatum sed et quasi. Ducimus nisi et perferendis id voluptas hic. Asperiores voluptatum vero optio est. Nobis minus amet dicta eum suscipit itaque. Et quis ut et dolores. Ut molestiae harum eos ut numquam omnis. Odit perspiciatis officiis sapiente sunt ut inventore autem. Porro nihil voluptas ducimus et fuga quisquam quod. Doloremque perferendis culpa voluptatem aut dolorem sint. Quo quisquam repellat ut.</p>',NULL,'2024-02-13 03:01:18','2024-02-13 03:01:18'),(17,4,3,'Iure aut doloremque dolores libero qui amet eius.','sit-ad-quod-quasi-eos-maiores-veniam-saepe-omnis',NULL,'Ut doloremque fugit maiores minima incidunt omnis. Vel fuga excepturi assumenda ea et voluptate. Qui voluptatem sunt odit autem molestias sint.','<p>Et quia quia voluptatum eveniet rerum minima. Qui neque harum quis iusto et suscipit. Impedit ut iure nihil ipsum. Voluptas molestiae numquam minus ut id odio rem. Vel quas eos non dolores qui iste commodi. Repellat qui et accusamus voluptatem sint non.</p>',NULL,'2024-02-13 03:01:18','2024-02-13 03:01:18'),(18,4,5,'Doloremque omnis illo.','ut-quaerat-quae-accusamus',NULL,'Atque sunt cum rerum neque et explicabo voluptatibus. Ex quam excepturi ut dolorum quo possimus. Sed consectetur quos eum deleniti animi et magni. Velit atque eum voluptas.','<p>Aut repellat ut minima sed. Quis quibusdam est odit fugiat natus. Nihil necessitatibus ad in eos culpa ut velit. Officiis consequatur voluptatibus ut qui reiciendis possimus. Aliquid qui earum dolores nostrum consequatur. Quo tenetur veritatis officia non ipsam. Illum dolores excepturi et autem in veritatis. Quod aut ipsam nobis voluptatem. Et aut iure animi aut modi impedit. Accusamus porro eum voluptas omnis et tempora quo. Iure dolorem et similique consequatur voluptate. Autem amet non est. Vitae voluptate nihil officia quo necessitatibus ut voluptas nisi. Ad pariatur veniam voluptas omnis sequi odit fuga. Quibusdam at quia quia ut. Nemo debitis amet tempora quas id fugit blanditiis. Enim molestiae voluptate sit alias. Non quo accusamus et a placeat voluptatem. Quisquam dolorem nisi libero quod consequuntur consequatur. Consequatur sed ipsa aut nemo ab incidunt velit. Quam dolores aut delectus non.</p>',NULL,'2024-02-13 03:01:18','2024-02-13 03:01:18'),(19,4,3,'Illo incidunt vel blanditiis possimus.','at-odio-aut-et-eos-in',NULL,'Consequuntur officia dolore commodi est dolorum. Et voluptates et odio aut aut. Pariatur commodi est enim. Consequuntur inventore itaque harum maxime sunt.','<p>Veritatis est eos quis incidunt fugiat et et. Quam consequuntur voluptatum ut mollitia. Vitae quasi ea corrupti. Enim quia est rerum autem commodi iusto. Dolorem omnis id quisquam sunt repellat quo ea. Aut qui maxime necessitatibus vel consequatur voluptatem. Est ratione blanditiis doloribus atque sit. Eos explicabo nisi dolorum eius et tenetur. Maxime commodi maiores qui.</p>',NULL,'2024-02-13 03:01:19','2024-02-13 03:01:19'),(20,4,4,'Sapiente qui odit aut.','tempore-dolores-ut-aspernatur-qui-atque',NULL,'Quis rerum laudantium magni. Eos nihil laudantium fuga voluptatum reiciendis porro. Distinctio et aliquid sequi. Facere est perspiciatis corrupti unde quae consequatur eligendi.','<p>Laboriosam iure hic et ut et minima tempora et. Cum explicabo id beatae quia non. Corrupti laudantium eveniet labore eum. Nihil dolor nemo fuga mollitia voluptatum perferendis. Quia sequi magnam quia sint molestias ex. Enim blanditiis itaque cupiditate ex dolore eligendi quod. Suscipit ipsa autem quisquam repellat culpa. Cupiditate exercitationem quas necessitatibus perspiciatis autem aperiam. Ratione et esse quibusdam possimus. Veniam debitis aliquid autem. Ut rem vitae praesentium minima rerum necessitatibus corrupti ipsam. Quis et quo et at cupiditate. Sit quibusdam nesciunt non reprehenderit ducimus fugiat. Ex velit id sed eos.</p>',NULL,'2024-02-13 03:01:19','2024-02-13 03:01:19'),(21,4,1,'Ipsam esse tenetur est quibusdam magnam repellendus.','debitis-natus-fugit-dolorem-minus-at-qui',NULL,'Mollitia autem consectetur dolor ut ipsum qui molestias. Non autem quo sit sed vitae facilis. Ullam eum est dolores et rerum ut.','<p>Deleniti recusandae possimus exercitationem eum velit eos doloribus. Sit enim vero in sapiente. Sit eius veritatis consectetur tenetur nemo omnis inventore mollitia. Sit nesciunt ab molestiae eos et optio consequatur. Vitae qui dolorem ut iste excepturi. Nobis voluptatum numquam voluptatum iste aperiam culpa. Repudiandae voluptatum amet consequatur quasi atque fugit sed. Ipsum maxime sint error cumque eius. Nisi sit beatae tempore et laboriosam necessitatibus sint. Maxime porro eos tempore recusandae et accusamus eveniet quis.</p>',NULL,'2024-02-13 03:01:19','2024-02-13 03:01:19'),(22,5,5,'Sint iure recusandae dolorem est nobis assumenda.','laudantium-numquam-expedita-in-quam-ea',NULL,'Praesentium accusantium cum velit quis consequatur. Voluptas alias voluptatum culpa ipsa. Qui similique et et at quia magnam cupiditate. Aut blanditiis adipisci fugit voluptatem.','<p>Temporibus ut quas earum rem sunt est officiis voluptatem. Totam molestias qui voluptatum et inventore. Non nisi assumenda officia qui soluta aut possimus provident. Repudiandae qui ad a eligendi et rerum. Iusto autem quasi eveniet ipsum. Sunt magnam aut aperiam assumenda. Excepturi dolorem voluptatem rerum veniam. Et sit ut iusto id aperiam optio. Sit quam in doloremque ea voluptas. Similique aspernatur hic non in. Eveniet qui voluptatem incidunt beatae qui voluptates fugit. Rem autem est corporis quia pariatur. Quis fuga veritatis qui ut.</p>',NULL,'2024-02-13 03:01:19','2024-02-13 03:01:19'),(23,1,1,'Aliquam dignissimos earum deserunt minus.','aut-doloribus-quam-blanditiis-consequatur-quo-qui',NULL,'Sint dolor nisi repudiandae officia adipisci. Eaque maxime odit amet atque veritatis et dolor laborum. Dolor dolore eius non et odio ea ut. Sit consequatur magni error dolore cum debitis.','<p>Molestiae ut qui repellendus enim dolorem molestiae. Tenetur fugiat laborum consequatur quis a ea. Quis corrupti placeat et illum et. Molestiae blanditiis non voluptatibus ea et. Quos ut hic nobis dolor quia quo quis earum. Facere unde rerum voluptatibus quis voluptas debitis aut provident. Vitae cumque rerum atque at sunt quibusdam. Expedita maiores enim vel sunt qui.</p>',NULL,'2024-02-13 03:01:19','2024-02-13 03:01:19'),(24,2,2,'Qui aspernatur aut.','quam-ut-quam-aspernatur-est',NULL,'Fugit molestias ut eos officiis ut hic. Optio voluptate et aut dolor aliquam. Vero maiores consectetur voluptates qui.','<p>Quo aut id delectus. Omnis eos non quia magni cupiditate. Nihil nam et optio. Minus a sed mollitia nisi blanditiis. Blanditiis quis dolorum aut nemo. Molestiae iure repudiandae fuga et. Quos harum nisi nulla. Nobis repellat quas ex ut quibusdam nesciunt est sed. Hic voluptatem temporibus dolore placeat facilis nulla cumque. Doloribus totam quisquam ut ipsum ullam error laudantium. Nulla aut aut nobis ipsa. Officiis nemo sit voluptas voluptatem temporibus quia. Modi modi quia adipisci assumenda sunt. Tempora non dolorum autem quis. Ea placeat fugiat expedita vitae fugit. Minus cumque ipsa error esse assumenda. Natus quia sed voluptatem quaerat deleniti nostrum id. Voluptates iste voluptatem dolorem.</p>',NULL,'2024-02-13 03:01:19','2024-02-13 03:01:19'),(25,4,4,'Sed rem.','sunt-voluptatem-iure-quis-et-ut',NULL,'Maxime et reprehenderit voluptatem nesciunt in et voluptatum. Ut perspiciatis qui minima in vitae officiis vel. Officiis ut et corporis. Laborum ut ut molestiae et sed.','<p>At et in quo quia voluptatum voluptate. Eius voluptas quis quis qui facere excepturi. Omnis ea omnis harum sint ea aliquam assumenda. Quasi commodi consequuntur earum inventore consequatur odit. Qui facilis voluptas laudantium fuga. In molestiae dolores sed optio. Debitis consectetur vel et id accusamus molestiae. Error velit similique inventore repellendus. Optio sint maxime repellat doloremque. Dolores pariatur est autem harum. Veritatis sunt eveniet iure fugit et quidem. Atque dolor aut praesentium sed.</p>',NULL,'2024-02-13 03:01:19','2024-02-13 03:01:19'),(26,1,3,'Et tempore quaerat qui.','sit-deleniti-repellendus-quam-libero-pariatur-eos-quam',NULL,'Ex ut veritatis laudantium et. Ut facilis sed et maxime. Rerum maiores sed earum culpa.','<p>Assumenda quia aperiam maxime maiores vel quia temporibus. Mollitia facilis temporibus aspernatur ut eum nihil enim. Tenetur alias id veritatis. Similique consequatur hic eos quis odio. Distinctio aliquid consectetur quidem id. Optio itaque accusamus quia ipsam atque. Laboriosam consequatur voluptatem soluta fugit deserunt. Numquam excepturi veritatis ut. Molestias delectus dolorum excepturi eaque praesentium perspiciatis.</p>',NULL,'2024-02-13 03:01:19','2024-02-13 03:01:19'),(27,2,4,'Et voluptates eligendi saepe autem cumque.','labore-velit-consequuntur-libero-odio-quos',NULL,'Est nulla ullam sequi voluptatem excepturi. Alias voluptatem alias et labore officia saepe incidunt.','<p>Quia eius nemo nemo corrupti quis aspernatur. Incidunt aliquid nihil beatae. Facere expedita nisi delectus quo laboriosam ut. Incidunt et enim voluptatum qui et natus itaque. Porro adipisci aspernatur quos ipsum qui. Aut molestias rem quam. Temporibus itaque eligendi voluptatum atque culpa fugit. Aliquam dolor id a ea in et. Sit et nisi dolor quo quibusdam. Ut et incidunt itaque ea voluptatibus vel officiis fugiat. Molestias suscipit vel rerum hic corporis cumque. Eos quos a aliquam est. Ipsam magni quo sequi iusto molestias. Et alias reprehenderit ut praesentium perspiciatis cumque quia. Excepturi aut ut aut id rerum esse aliquid. Necessitatibus sint laudantium tempora ipsam quo dignissimos necessitatibus.</p>',NULL,'2024-02-13 03:01:20','2024-02-13 03:01:20'),(28,4,3,'Sapiente id veritatis temporibus.','asperiores-nesciunt-eum-voluptas-voluptas-assumenda-rem-adipisci',NULL,'A et et corporis sit quos rerum. Consequuntur molestias at aut veritatis. Ut eos cupiditate sed at vero. Dolorum adipisci quo non mollitia voluptates illo repellat. Exercitationem labore dolor veritatis maiores ex non.','<p>Quia asperiores fugiat officiis eaque. Reprehenderit explicabo quos dolorum. Alias sit modi laborum aut magni eaque similique molestias. Neque ducimus asperiores nisi rerum excepturi harum veritatis. Laborum dolor molestias aliquid. Dolore aut fugiat cupiditate magnam animi voluptas. Repellat dignissimos vel sit aut quaerat illo repellendus. Incidunt voluptatem dolores fugiat. Id praesentium rerum et ullam quae ex ipsa. Accusamus non et occaecati dolorem quibusdam. Nisi laudantium nostrum quod. Eum natus et quis veritatis voluptates. Omnis ad dolorem delectus nobis dolore necessitatibus laboriosam. Ut dignissimos nesciunt sed repellendus dolore itaque magni ducimus. Voluptatum vero quis accusantium et aut illum quis. Consequatur architecto provident quis officia itaque excepturi. Exercitationem dolorum reprehenderit eveniet neque. Fugiat sint reprehenderit explicabo quos laborum. Mollitia quas eius ex dolor. Et autem doloremque voluptatem aut. Ad itaque earum consequuntur qui non error qui.</p>',NULL,'2024-02-13 03:01:20','2024-02-13 03:01:20'),(29,1,3,'Ducimus et et porro libero.','consequatur-deleniti-non-cumque-quia-corporis-laboriosam-quae',NULL,'Totam aliquam repudiandae tenetur aut vel dolores. Iusto sit repellat expedita similique consequatur.','<p>Modi nam sunt id repellendus est. Incidunt rerum consectetur vel inventore non accusamus. Molestiae et in eum iure qui hic nostrum. Similique ut recusandae provident quos laudantium nostrum. Fugiat unde nemo beatae quod molestias. Mollitia ut nisi ex dolorem sint dolores officia. Enim ex molestiae pariatur vitae rem. Suscipit ut voluptatem eveniet. Alias aut molestias nihil. Reiciendis labore recusandae dignissimos eaque eveniet sit. Asperiores blanditiis omnis ut error nam qui. Error maiores dolorem accusamus ex error. Id dolorum quaerat eligendi aspernatur sint placeat voluptas. Placeat repellat laboriosam a cumque sed voluptatem. Iusto earum et dolores aperiam reprehenderit impedit vitae illo. Ipsum iste assumenda molestiae consequatur consequatur dolorem. Incidunt aut quos enim. Accusantium nostrum earum quo praesentium. Laborum impedit adipisci dolor rerum dolorum magni. Et quia consequuntur libero impedit. Nemo qui excepturi quibusdam ipsum in voluptatem aut. Hic officia et quidem nesciunt. Vel porro praesentium possimus corporis. Repellendus dolor pariatur tempora veritatis qui. Quos hic voluptatum aut repellendus numquam dolorem velit. Aliquam reiciendis ex ea et ipsam ducimus labore. Non aut minima velit itaque eos autem minima.</p>',NULL,'2024-02-13 03:01:20','2024-02-13 03:01:20'),(30,1,1,'Beatae sequi distinctio veniam suscipit repellendus ut nisi quisquam neque sed fugit.','reprehenderit-quisquam-ducimus-optio-quo-dolorem-labore-nam-totam',NULL,'Blanditiis necessitatibus sunt sint minus dolorem dolore voluptas. Magnam dolor rerum earum necessitatibus enim similique. Iste iste et deleniti.','<p>Nesciunt iusto voluptatem iure nam modi. Rerum debitis ex dolorem voluptas consectetur qui. Eum ut aut quos culpa eum ullam sit. Provident et nam commodi harum aut velit et. Nihil sed iusto est corrupti est cupiditate. Itaque iusto non quibusdam. Ratione cupiditate officiis qui illum rerum architecto quis ullam. Sequi aliquid odio consectetur asperiores cum ad. Provident est non nihil molestiae. Voluptatem et in nemo id. Nostrum deleniti voluptate nesciunt sed quibusdam. Qui exercitationem repellendus quo. Quis blanditiis ut laudantium. Sint quibusdam vel distinctio qui porro. Eius voluptatum sit autem voluptatem omnis. Modi omnis dolorum itaque labore quia modi natus dolor. Ex eius dolorem quis culpa quo corporis. Quaerat quas est et vero maxime. Perspiciatis error ut numquam et doloribus molestiae. Omnis non ipsum aut ea quaerat maiores et maiores.</p>',NULL,'2024-02-13 03:01:20','2024-02-13 03:01:20'),(31,5,3,'Sit omnis asperiores.','aut-temporibus-corrupti-illum-iure-dolor-non-sit',NULL,'Nisi possimus velit voluptas rerum. Qui rerum eaque et qui. Nostrum quas veniam possimus aut non vitae ut in. Esse eos voluptas qui culpa repudiandae quos.','<p>Cum aperiam totam voluptatum et quaerat aliquid. Aspernatur autem aut et vel libero debitis. Beatae aut velit quia. Voluptas et asperiores quo accusamus aut cumque. Velit qui itaque earum qui et voluptas maxime sunt. Sint quos facilis ullam corrupti porro eum aliquam. Fuga quo rerum animi. Sequi consequuntur quis sit nesciunt voluptatem autem sapiente sed. Distinctio fuga perspiciatis perspiciatis architecto temporibus. Eos inventore nesciunt et a vero inventore deleniti. Iste molestiae id ea suscipit eius. Minus in quia qui et. Voluptatibus laboriosam quo possimus mollitia similique harum ut. Exercitationem qui accusamus autem ratione. Perspiciatis est dolore aut in sed maxime voluptas. Aspernatur consequatur voluptatibus excepturi. Quis quis perspiciatis amet natus iusto.</p>',NULL,'2024-02-13 03:01:20','2024-02-13 03:01:20'),(32,3,4,'Rerum voluptatem minus omnis velit fugit iure numquam adipisci quibusdam dolore.','quo-non-nobis-ea-quo',NULL,'Consequatur amet fugiat quidem quibusdam aut. Eos qui ipsum alias molestias ea asperiores. Quod in et sed quae nemo laboriosam.','<p>Ut modi id fuga pariatur optio commodi. Sunt asperiores omnis corrupti nihil velit deserunt voluptatem. Voluptas molestiae in fugiat illo eveniet at culpa. Error delectus quae aut voluptatum dolorem adipisci. Sed esse soluta aperiam recusandae dolorum. Eveniet molestias et quis et recusandae. Impedit molestiae autem suscipit sit quos. Consequatur aliquid corrupti soluta incidunt repellat dolor. Minus accusantium et sapiente sunt in est. Amet magni porro a voluptatum explicabo voluptatem et. Eaque qui nihil voluptatibus veritatis eos rerum soluta. Eos earum qui error sed enim quos accusantium. Velit at itaque ut eligendi. Aut harum ipsum eligendi expedita aut.</p>',NULL,'2024-02-13 03:01:20','2024-02-13 03:01:20'),(33,3,3,'Accusamus voluptatem quis et excepturi corporis.','recusandae-ut-tenetur-nobis-natus-eius-eligendi-beatae',NULL,'Perferendis sint deserunt voluptatum vitae architecto distinctio unde voluptates. Ullam veritatis veritatis quo voluptatem aut. Nesciunt velit ut et beatae.','<p>Aut adipisci dicta beatae est tenetur. Excepturi et ratione consequatur nemo. Quo aut alias commodi in. Labore laborum nemo est ut reprehenderit. Neque molestiae repellat nihil ipsa eveniet beatae qui. Numquam explicabo quisquam vel quo autem molestias et. Sint qui inventore quas fugit reprehenderit vero. Nemo et sit vel ullam et id voluptatem. Corporis et reprehenderit nisi eius exercitationem ullam. Consequuntur et quae sint. Placeat cupiditate quis minima. Sunt magnam sit accusamus adipisci officia expedita. Sed facere eos quia id dolor consequuntur amet. Quis assumenda consequatur blanditiis omnis et odit et sit. Beatae eius qui sit dolores nobis labore rerum. Enim nihil suscipit molestiae tenetur voluptas. Omnis optio est reiciendis et odit.</p>',NULL,'2024-02-13 03:01:20','2024-02-13 03:01:20'),(34,3,4,'Qui optio totam deserunt.','voluptatum-voluptatem-non-fugit-et-pariatur-quis',NULL,'Deleniti dolores distinctio qui molestias nobis quia velit. Laudantium labore quis voluptas. Sunt velit temporibus mollitia voluptatem.','<p>Sapiente enim est et perferendis. Corrupti sit rerum soluta quam libero autem. Sint quis sint est odit voluptas consequuntur est est. In ab voluptates incidunt nobis incidunt porro praesentium. Aut veniam placeat ut mollitia sunt aperiam et totam. Omnis laudantium quis omnis sint rerum quae. Vel est odit necessitatibus corrupti quo autem et. Delectus voluptas illum eligendi commodi. Vel qui illo mollitia consequatur. Ea illum adipisci doloribus sequi quis accusantium eos repellendus. Quaerat sequi placeat sunt et rerum. Fugit commodi qui qui exercitationem aut dolorum quod. Aut omnis dolor voluptas accusamus.</p>',NULL,'2024-02-13 03:01:20','2024-02-13 03:01:20'),(35,4,4,'Iste consequuntur nobis illum iusto tempora.','pariatur-assumenda-vel-architecto-eos',NULL,'Eum non velit voluptatem sapiente. Commodi quia reprehenderit sed quaerat porro praesentium deserunt.','<p>At error tempore consequatur vitae fugiat omnis id. Qui sunt ea omnis voluptas reprehenderit. Tenetur et nihil incidunt eius modi cumque sed. Sed eaque sit et accusantium repudiandae qui. Laborum autem minus ullam alias quia facilis iure. Eius quidem aut exercitationem repellendus accusamus dolorem aliquid quis. Dolor perspiciatis iure autem maxime qui. Illum aut laborum velit nobis architecto libero magnam. Illo officiis facilis quis. Quia cumque sed aperiam consequatur. Qui consequatur vel quam sunt perspiciatis nam nostrum. Non molestias ea assumenda molestias fugiat. Maxime mollitia quidem eaque vel animi. Cupiditate dignissimos eaque sunt cumque possimus. Et nostrum et rem sed eum possimus blanditiis. Blanditiis exercitationem ut exercitationem omnis repudiandae voluptatibus distinctio. Quam iste minima dolores optio voluptate rerum est incidunt. Sunt et sit qui enim sed omnis. Eaque sit error ipsam vel sunt aut dignissimos nihil. Quas voluptatem error velit beatae eum ut. Tenetur enim est libero ipsam sunt qui sint. Beatae alias quidem dolores. Dolorem et eos aliquid voluptas est. Minima provident repellat reprehenderit ratione mollitia. Quam aut consectetur voluptatem neque eum. Nostrum a velit nam maiores. Enim doloribus nemo delectus non. Error et occaecati nisi voluptas odio voluptas. Expedita rerum deleniti facilis a. Vel corporis qui et nihil.</p>',NULL,'2024-02-13 03:01:20','2024-02-13 03:01:20'),(36,1,2,'Nihil et sed.','qui-temporibus-sed-quaerat-porro-commodi-quis',NULL,'Optio ab magni praesentium illo qui ut et voluptatibus. Vel autem laborum cum. Ullam quod recusandae ipsam dolore doloremque.','<p>Impedit quo eos labore praesentium explicabo voluptatem. Sed accusamus vel consectetur. Quisquam unde quo aperiam quae repudiandae iure minima qui. Maxime velit voluptatum est repellendus impedit recusandae vitae. Vero consequatur quam ipsum exercitationem. Ea non quam voluptas nam totam. Rerum nulla aliquam ut aliquam impedit eos doloremque alias. Omnis eaque et autem omnis recusandae sint. Necessitatibus nemo qui ea esse officia omnis voluptas a. Id soluta beatae laboriosam tenetur ut consequatur et. Ipsam aut perspiciatis ea cupiditate est qui. Soluta et nam explicabo aliquid inventore id sint consectetur.</p>',NULL,'2024-02-13 03:01:20','2024-02-13 03:01:20'),(37,2,5,'Esse veniam sed voluptatibus.','in-molestias-ducimus-voluptatem-ad-perferendis-omnis-accusamus',NULL,'Quaerat reprehenderit recusandae voluptates in quibusdam necessitatibus aliquid. Et aut explicabo sequi quo molestiae eius aut. Aut laudantium assumenda neque natus.','<p>Quo blanditiis quae unde quidem itaque est. Qui est tempore corrupti odio accusantium accusamus officiis harum. Animi quod natus doloremque. Natus modi modi ducimus veniam consequatur. In minima unde tempore quis ullam porro. Totam provident numquam earum laboriosam. Voluptatem soluta quia molestiae explicabo illo. Dolore ut necessitatibus omnis earum sed accusamus. Doloribus dolore aut quam facilis magni. Est ut alias molestiae. Amet non aliquid et praesentium soluta laborum.</p>',NULL,'2024-02-13 03:01:20','2024-02-13 03:01:20'),(38,1,2,'Et rerum et voluptas inventore quia tempora.','quia-necessitatibus-ut-est-odio-error',NULL,'Et qui ut magnam dolores sed cumque tempora. Qui consequatur ducimus tempora et at explicabo velit. Excepturi nisi labore fuga iure ut iure ipsa.','<p>Aut sed veritatis minima eligendi. Nemo minus dolores et nulla doloremque. Ducimus rerum suscipit alias ea deserunt fugiat. Ullam earum asperiores cupiditate ut. Perferendis consequatur eius vitae animi ipsum dolores accusantium nemo. Et pariatur quas quibusdam corporis enim adipisci harum. Nulla illo facilis in suscipit minima tempora voluptatem. Ut consectetur est vero aut ducimus voluptas architecto. Expedita consequuntur eligendi maxime dolor. Et tempore quisquam aut. Ut minima quidem et sequi. Enim culpa amet voluptatem deleniti assumenda est officia dolore. Suscipit quia atque aut rem. Optio eum aliquam voluptates occaecati et natus quo.</p>',NULL,'2024-02-13 03:01:21','2024-02-13 03:01:21'),(39,1,1,'Vero laudantium non earum qui amet.','in-officia-modi-dolor-voluptatem',NULL,'Nisi quod quidem rem esse excepturi quia. Sunt ipsum vitae similique et. Et qui quidem enim distinctio iure. Animi explicabo perspiciatis repellat et consequatur est delectus.','<p>Omnis inventore laudantium est iusto ratione rerum voluptatem. Excepturi quia voluptas qui nemo vero voluptate necessitatibus. Ea voluptates culpa quas impedit temporibus porro aliquid. Quis aut adipisci sint eligendi. Magnam impedit magnam qui magnam. Temporibus ipsa iure et non necessitatibus. Quia consequatur ab delectus nihil veritatis tenetur. Temporibus ipsam voluptates omnis nesciunt. Commodi repellat provident exercitationem harum maxime suscipit. Quis consectetur repellat quos repellat aperiam.</p>',NULL,'2024-02-13 03:01:21','2024-02-13 03:01:21'),(40,2,1,'Nisi voluptas nihil ut incidunt voluptate.','quas-natus-ea-minus-at-reprehenderit-sit-tenetur',NULL,'Minus tenetur illo eos omnis facilis. Consequatur tenetur et cupiditate rerum. Tempora temporibus molestiae numquam asperiores. Odit sint laborum deserunt ut minus adipisci ea est.','<p>Illo nemo doloribus rerum voluptatem laborum porro. Consectetur magni sed quis voluptatibus odio ea cum. Aut inventore debitis omnis quo alias et. Sunt consequatur corporis qui qui. In doloremque fugiat autem vel delectus qui. Pariatur magnam accusamus consequuntur dignissimos minus doloribus velit. Aut labore facilis aut.</p>',NULL,'2024-02-13 03:01:21','2024-02-13 03:01:21'),(41,2,2,'Quam eum fugiat sunt.','non-sapiente-aliquam-iusto-quisquam-qui-aut-minus',NULL,'Exercitationem autem tempore ullam saepe iste et. Tenetur nesciunt aut commodi.','<p>Ipsa non ea non ad error quis. Quia numquam inventore in voluptatibus hic. Est quos aut pariatur sit. Perferendis accusantium tempore fuga incidunt. Natus non atque at repudiandae dolore reprehenderit. Quae ut dolorum ex iste aspernatur ut ipsam. Omnis quibusdam doloremque et ea molestiae est iure. Consectetur repellendus et et porro voluptatem quia. At blanditiis sequi qui. Esse voluptas cum consequatur unde. Exercitationem nemo sed architecto repellendus quia vel. Est praesentium soluta exercitationem amet qui. Vero aperiam ducimus vero pariatur non rerum corrupti maiores. Architecto reiciendis laudantium explicabo aut ut excepturi. Et velit vel porro similique. Dolor recusandae consequatur ut minima. Minus repellendus qui tempora fugiat ut et. Id labore iusto dolor maxime qui consequatur numquam. In nihil repellat quasi occaecati ipsa. Totam deleniti sunt distinctio aspernatur iste. Non est sequi ex id ut. Ut id corrupti repellat consequatur. Sint omnis rerum et. Saepe corrupti sit id.</p>',NULL,'2024-02-13 03:01:21','2024-02-13 03:01:21'),(42,1,3,'Cupiditate sunt veniam eius occaecati ut.','modi-accusantium-dolores-impedit-sed-dolores',NULL,'Aut nulla assumenda error nihil maiores odio itaque. Voluptas et non est est. Ipsa veritatis harum natus in et sit veritatis. Mollitia nesciunt aut fuga qui repudiandae laboriosam voluptas quas.','<p>Dignissimos consequatur et quae et molestiae. Et pariatur dignissimos aspernatur. Voluptas fuga iusto repellendus doloribus labore. Qui veritatis consequatur quis sunt minus. Est fuga iste perferendis qui nobis aut. Quae distinctio officiis maiores. Dolorem quia quas hic et eos sint consequatur hic. Ea quaerat voluptas qui. Officiis non ad vero neque quisquam accusamus blanditiis. Commodi nobis aliquid nihil dolorum similique. Enim minus non voluptatem iste saepe non veritatis. Laborum quam blanditiis adipisci voluptas esse. Occaecati dolor et molestias animi deleniti est. Soluta inventore quam consequuntur corrupti. Facere id autem consequatur suscipit sunt consequatur aliquid. Veritatis dolore sint accusamus occaecati sit maxime.</p>',NULL,'2024-02-13 03:01:21','2024-02-13 03:01:21'),(43,1,4,'Itaque dignissimos.','sed-omnis-et-vel-excepturi',NULL,'Consequatur sit consequatur quo dolores. Quos ad ut veniam rerum. Id in iste illo. Quaerat quo quae repellat enim.','<p>Delectus et a cumque dolorem commodi. Dolores culpa sit consequuntur soluta. Ducimus at voluptas dolorum qui consequatur. Nisi itaque nulla voluptatibus tempore alias nihil velit. Tempora qui dignissimos architecto fuga beatae hic. Hic minus consequatur ut est facere necessitatibus.</p>',NULL,'2024-02-13 03:01:21','2024-02-13 03:01:21'),(44,1,2,'Quos eum harum sint inventore.','aspernatur-sit-facere-labore-temporibus',NULL,'Sunt officiis aut a quas inventore soluta et et. Error repudiandae consectetur reprehenderit eum molestiae doloremque. Ut et ipsum beatae numquam quae.','<p>Exercitationem doloremque autem aliquid et sunt eaque perspiciatis. Vel unde doloremque velit quos praesentium quisquam voluptatibus. Id est velit aspernatur voluptates atque natus rerum hic. Perferendis fugit in recusandae et quo sunt amet aut. Quia incidunt nesciunt et fugit suscipit. Esse voluptate eius recusandae exercitationem accusamus vero. Aut quo sunt magni quas. Qui numquam est incidunt voluptates necessitatibus eum.</p>',NULL,'2024-02-13 03:01:21','2024-02-13 03:01:21'),(45,4,1,'Nesciunt dolore magnam dignissimos et recusandae saepe.','voluptas-veniam-qui-fugit-soluta-quis-quod',NULL,'Tenetur unde est rem. Est quia at quia. Adipisci occaecati et perferendis eveniet voluptas.','<p>Quisquam quia molestiae aut iste numquam qui. Adipisci aperiam error unde beatae et perferendis ullam ut. Atque voluptatibus quo incidunt. Corrupti autem in eum. Quam nostrum error ut perferendis placeat. Est quibusdam et cupiditate ducimus possimus hic. Autem voluptas nisi quam earum esse. Voluptatem quod dignissimos vero aut enim ex. Impedit quo aut non aut sunt. Hic nostrum quia eum sed. Qui rerum sunt nihil id. Perspiciatis ab asperiores repellendus optio nihil omnis eos. Ducimus laborum eos optio enim qui molestias tempore. Illo impedit et at vitae. Impedit quibusdam tempore nisi dolor quam. Fugiat cupiditate sapiente magnam ducimus culpa voluptatum. Reprehenderit quibusdam et rerum quae eaque tempore qui.</p>',NULL,'2024-02-13 03:01:21','2024-02-13 03:01:21'),(46,3,4,'Dolorum cum cumque exercitationem quam.','quae-dolorem-pariatur-distinctio-ut-natus',NULL,'Cumque ipsam modi nesciunt eum voluptatibus. Voluptas illum quia veniam sit laboriosam. Veritatis accusamus tempora non et corporis. Velit esse reiciendis repellat sit.','<p>Sit quos distinctio maiores rerum assumenda ut officia. Numquam maiores voluptatem molestiae dicta perspiciatis. Dignissimos velit enim similique ut quae distinctio. Voluptatem saepe explicabo et laudantium. Quos blanditiis repellendus ut tenetur. Quo tempore ea officia. Aut labore a quos omnis est aut praesentium. Vel modi architecto qui minus. Distinctio aperiam eligendi beatae aut et harum eaque. Nobis quam officia ad quod. Rem aut iure quo veniam et. Praesentium accusamus omnis nulla natus et excepturi. Aliquam beatae et pariatur architecto autem ad. Eius illo culpa nihil et cum. Modi quo ipsum autem consequatur quas deleniti. Repellendus maiores impedit consequatur quae ex porro. Autem quia non sunt maxime atque dignissimos et. Aut dolorem tempora explicabo debitis perspiciatis sed. Iure id minus perspiciatis ut. Dicta voluptatem est porro dignissimos adipisci aut eveniet veniam. Dolorum qui ut sit voluptatem repellendus laudantium ratione blanditiis.</p>',NULL,'2024-02-13 03:01:21','2024-02-13 03:01:21'),(47,4,1,'Sequi doloremque et hic deserunt quidem.','ea-distinctio-molestiae-excepturi',NULL,'Odio eum alias voluptates mollitia recusandae alias. Cupiditate ut quo beatae dolores voluptas. Accusamus aut vel facilis omnis ratione rerum ipsum.','<p>Veritatis dolorum eum minus architecto. Nostrum qui quaerat vitae nostrum eos. Mollitia omnis et sunt eaque consequatur. Reiciendis quisquam occaecati aut voluptatem saepe quo. Repudiandae necessitatibus et inventore. Sint rerum blanditiis doloribus ducimus. Corrupti magnam enim est debitis. Porro eum repellendus dignissimos ut. Vel est exercitationem dolore quis totam nemo repudiandae est. Voluptas et provident sed dicta tenetur corporis vel. Dolores et ullam labore eaque dolore facere. Molestias doloribus sed corporis molestias et. Sit voluptas velit labore nesciunt quia. Aspernatur molestias non voluptatibus odit praesentium. Natus laboriosam voluptas quos qui. Enim autem veniam inventore ut consequatur aut autem. Est consequatur aliquam pariatur ea. Sint quod id et dolores. Illo asperiores sint ratione ut.</p>',NULL,'2024-02-13 03:01:21','2024-02-13 03:01:21'),(48,1,4,'Odit rem.','laborum-aliquid-et-aut-praesentium-sequi-dicta-et',NULL,'Libero qui minus ut numquam omnis. Ipsam voluptatum deleniti quibusdam quia. Modi sunt doloremque natus deleniti et hic tempore earum.','<p>Itaque ut sed recusandae aut. Aut quis quaerat amet ducimus. Quis dolorem dolores quia nesciunt aut magni id. Unde rerum recusandae dolorem non aspernatur omnis dolor. Id alias recusandae ad vel. Id cumque maxime est tenetur in. Veritatis expedita explicabo consequatur voluptatum quam et dolorem. Illo vitae voluptatem nostrum nulla aut. Sed illum quo atque fuga dicta est. Et at minus non mollitia libero et. Hic qui cupiditate est ab laudantium. Quasi quam cum ut. Ut aut nulla provident rerum eum sunt corporis. Saepe beatae voluptatum earum vitae vitae. Iste consectetur nisi qui aut sed et a. Aut veniam eos cupiditate corrupti. Doloremque possimus necessitatibus veniam quo. Dolores esse ipsum reiciendis ut doloribus. Ea libero qui et dicta a. Qui veniam nam in nam. Earum reprehenderit qui nihil velit nesciunt alias sunt. Est ut dignissimos repellat.</p>',NULL,'2024-02-13 03:01:21','2024-02-13 03:01:21'),(49,4,3,'Suscipit voluptas iste velit reprehenderit et laborum.','a-aut-inventore-eaque-quos-reprehenderit-consequatur',NULL,'Fuga sed dolore quia culpa expedita. Ea et sed alias harum repellat sint officia in. Et aut ut ea reprehenderit eaque et nesciunt. Corporis ut aut est porro ipsum.','<p>Et ex nam corporis at. Cupiditate mollitia quod voluptatem et. Culpa magni ut molestiae et quibusdam repudiandae. Officiis id consequatur ut repellat molestiae ex sed. Saepe veniam sed quaerat voluptas qui ut. Incidunt recusandae id maxime quia qui harum. Autem quisquam nesciunt consequatur aut quisquam. Est excepturi dolorum molestias enim. Provident ipsum soluta nulla modi tempore. Aperiam expedita consequatur ex. Amet quae voluptates quia dolore et non voluptatem temporibus.</p>',NULL,'2024-02-13 03:01:21','2024-02-13 03:01:21'),(50,3,3,'Repudiandae delectus et illum fugit facilis blanditiis.','odio-eos-dolore-quibusdam-impedit-rerum-libero',NULL,'Veniam neque quaerat doloribus dolor. Non aliquid ut aliquid dicta et similique aut. Sit dolores consequatur quisquam est et. Eos nobis eius inventore consectetur corrupti. Non tenetur delectus autem sequi sunt vel.','<p>Qui non nesciunt natus quam numquam aliquid necessitatibus. Sit ut et iure dolorem error voluptas. Ex aperiam temporibus labore consequatur cumque aut sit. Eum soluta et numquam illo pariatur perspiciatis impedit. Fuga expedita et animi. Voluptate vel architecto ut quae consequatur ipsa. Sit et fugit tempore. Porro facere dolorem nemo atque. Eius facere quasi voluptatibus nam omnis labore. Enim laudantium amet fuga ipsa. Consequatur quo voluptatem voluptatem ut. Mollitia et aspernatur voluptate est voluptas magni qui. Tenetur sit sunt ipsum tempore. Est officia doloribus delectus quibusdam error et non. Molestiae qui placeat asperiores rerum. Ullam eveniet odio et est cupiditate vitae deleniti. Tenetur vel consequatur aliquam.</p>',NULL,'2024-02-13 03:01:21','2024-02-13 03:01:21');
/*!40000 ALTER TABLE `posts` ENABLE KEYS */;
UNLOCK TABLES;

--
-- Table structure for table `users`
--

DROP TABLE IF EXISTS `users`;
/*!40101 SET @saved_cs_client     = @@character_set_client */;
/*!50503 SET character_set_client = utf8mb4 */;
CREATE TABLE `users` (
  `id` bigint unsigned NOT NULL AUTO_INCREMENT,
  `name` varchar(255) COLLATE utf8mb4_unicode_ci NOT NULL,
  `username` varchar(255) COLLATE utf8mb4_unicode_ci NOT NULL,
  `email` varchar(255) COLLATE utf8mb4_unicode_ci NOT NULL,
  `email_verified_at` timestamp NULL DEFAULT NULL,
  `password` varchar(255) COLLATE utf8mb4_unicode_ci NOT NULL,
  `remember_token` varchar(100) COLLATE utf8mb4_unicode_ci DEFAULT NULL,
  `created_at` timestamp NULL DEFAULT NULL,
  `updated_at` timestamp NULL DEFAULT NULL,
  `is_admin` tinyint(1) NOT NULL DEFAULT '0',
  PRIMARY KEY (`id`),
  UNIQUE KEY `users_username_unique` (`username`)
) ENGINE=InnoDB AUTO_INCREMENT=6 DEFAULT CHARSET=utf8mb4 COLLATE=utf8mb4_unicode_ci;
/*!40101 SET character_set_client = @saved_cs_client */;

--
-- Dumping data for table `users`
--

LOCK TABLES `users` WRITE;
/*!40000 ALTER TABLE `users` DISABLE KEYS */;
INSERT INTO `users` VALUES (1,'Najwa Suartini','pradipta.chandra','zalindra.pertiwi@example.net','2024-02-13 03:01:17','$2y$12$xtdN7vsizTmxd4iBQgM/XeTZroOFhLX62hra84w5aV63R09RvHAzG','8iNgnZpjIU','2024-02-13 03:01:17','2024-02-13 03:01:17',0),(2,'Mala Mayasari M.Pd','purnawati.wani','lrahmawati@example.org','2024-02-13 03:01:17','$2y$12$xtdN7vsizTmxd4iBQgM/XeTZroOFhLX62hra84w5aV63R09RvHAzG','eiDgqWqd7x','2024-02-13 03:01:17','2024-02-13 03:01:17',0),(3,'Wirda Maryati','ika.firgantoro','fkusumo@example.org','2024-02-13 03:01:17','$2y$12$xtdN7vsizTmxd4iBQgM/XeTZroOFhLX62hra84w5aV63R09RvHAzG','HyNOns3DBj','2024-02-13 03:01:17','2024-02-13 03:01:17',0),(4,'Bancar Dimas Damanik','oktaviani.padma','chandayani@example.com','2024-02-13 03:01:17','$2y$12$xtdN7vsizTmxd4iBQgM/XeTZroOFhLX62hra84w5aV63R09RvHAzG','UR1035Ariq','2024-02-13 03:01:17','2024-02-13 03:01:17',0),(5,'Ricky','Ricky99','ricky@gmail.com',NULL,'$2y$12$pbNl5CwCfuBpxuzwYNQxwOZRSOrhUlbnjNAOKhONy9JtRoVxFR3S6',NULL,'2024-02-13 03:01:22','2024-02-13 03:01:22',1);
/*!40000 ALTER TABLE `users` ENABLE KEYS */;
UNLOCK TABLES;
/*!40103 SET TIME_ZONE=@OLD_TIME_ZONE */;

/*!40101 SET SQL_MODE=@OLD_SQL_MODE */;
/*!40014 SET FOREIGN_KEY_CHECKS=@OLD_FOREIGN_KEY_CHECKS */;
/*!40014 SET UNIQUE_CHECKS=@OLD_UNIQUE_CHECKS */;
/*!40101 SET CHARACTER_SET_CLIENT=@OLD_CHARACTER_SET_CLIENT */;
/*!40101 SET CHARACTER_SET_RESULTS=@OLD_CHARACTER_SET_RESULTS */;
/*!40101 SET COLLATION_CONNECTION=@OLD_COLLATION_CONNECTION */;
/*!40111 SET SQL_NOTES=@OLD_SQL_NOTES */;

-- Dump completed on 2024-02-13 17:18:37
